id;gelis_zamani;aciklama;kabul_tarihi;tipi
1;2019-05-18T17:38:48;Wooden;2019-05-18T16:58:01;SIGORTA
2;2019-05-18T16:08:48;Money Market Account end-to-end navigating;2019-05-19T05:17:17;SIGORTA
3;2019-05-19T05:43:01;generate magnetic;2019-05-18T17:20:10;SIGORTA
4;2019-05-18T14:36:45;back-end Fresh Missouri;2019-05-18T14:21:10;SIGORTA
5;2019-05-19T01:42:09;generate;2019-05-18T21:13:45;SIGORTA
6;2019-05-18T22:31:13;methodologies Granite Corporate;2019-05-18T21:24:44;SIGORTA
7;2019-05-18T18:15:35;Bouvet Island (Bouvetoya) generating Bedfordshire;2019-05-19T12:23:21;SIGORTA
8;2019-05-18T20:43:00;Small;2019-05-19T10:38:28;SIGORTA
9;2019-05-19T07:36:20;pixel Phased payment;2019-05-19T02:08:20;SIGORTA
10;2019-05-18T17:53:13;seize generate;2019-05-19T03:52:22;SIGORTA
